{"cameraMode":{"drawMode":0,"name":"Shaded","section":"Shading Mode"},"sceneLighting":false,"audioPlay":false,"sceneViewState":{"showFog":true,"showMaterialUpdate":true,"showSkybox":true,"showFlares":true,"showImageEffects":true,"showParticleSystems":true},"in2DMode":false,"pivot":{"x":-0.9654363989830017,"y":1.4623302221298218,"z":7.731826305389404},"rotation":{"x":0.012826075777411461,"y":-0.9546107649803162,"z":0.04155181720852852,"w":0.2946663498878479},"size":9.184259414672852,"orthographic":false}